date,season,year,month,holiday,weekday,workingday,weather,casual,registered,count,day_type
2011-01-01,Spring,2011,Jan,0,Sat,0,Misty/Cloudy,331,654,985,Weekend
2011-01-02,Spring,2011,Jan,0,Sun,0,Misty/Cloudy,131,670,801,Weekend
2011-01-03,Spring,2011,Jan,0,Mon,1,Clear/Partly Cloudy,120,1229,1349,Working Day
2011-01-04,Spring,2011,Jan,0,Tue,1,Clear/Partly Cloudy,108,1454,1562,Working Day
2011-01-05,Spring,2011,Jan,0,Wed,1,Clear/Partly Cloudy,82,1518,1600,Working Day
2011-01-06,Spring,2011,Jan,0,Thu,1,Clear/Partly Cloudy,88,1518,1606,Working Day
2011-01-07,Spring,2011,Jan,0,Fri,1,Misty/Cloudy,148,1362,1510,Working Day
2011-01-08,Spring,2011,Jan,0,Sat,0,Misty/Cloudy,68,891,959,Weekend
2011-01-09,Spring,2011,Jan,0,Sun,0,Clear/Partly Cloudy,54,768,822,Weekend
2011-01-10,Spring,2011,Jan,0,Mon,1,Clear/Partly Cloudy,41,1280,1321,Working Day
2011-01-11,Spring,2011,Jan,0,Tue,1,Misty/Cloudy,43,1220,1263,Working Day
2011-01-12,Spring,2011,Jan,0,Wed,1,Clear/Partly Cloudy,25,1137,1162,Working Day
2011-01-13,Spring,2011,Jan,0,Thu,1,Clear/Partly Cloudy,38,1368,1406,Working Day
2011-01-14,Spring,2011,Jan,0,Fri,1,Clear/Partly Cloudy,54,1367,1421,Working Day
2011-01-15,Spring,2011,Jan,0,Sat,0,Misty/Cloudy,222,1026,1248,Weekend
2011-01-16,Spring,2011,Jan,0,Sun,0,Clear/Partly Cloudy,251,953,1204,Weekend
2011-01-17,Spring,2011,Jan,1,Mon,0,Misty/Cloudy,117,883,1000,Holiday
2011-01-18,Spring,2011,Jan,0,Tue,1,Misty/Cloudy,9,674,683,Working Day
2011-01-19,Spring,2011,Jan,0,Wed,1,Misty/Cloudy,78,1572,1650,Working Day
2011-01-20,Spring,2011,Jan,0,Thu,1,Misty/Cloudy,83,1844,1927,Working Day
2011-01-21,Spring,2011,Jan,0,Fri,1,Clear/Partly Cloudy,75,1468,1543,Working Day
2011-01-22,Spring,2011,Jan,0,Sat,0,Clear/Partly Cloudy,93,888,981,Weekend
2011-01-23,Spring,2011,Jan,0,Sun,0,Clear/Partly Cloudy,150,836,986,Weekend
2011-01-24,Spring,2011,Jan,0,Mon,1,Clear/Partly Cloudy,86,1330,1416,Working Day
2011-01-25,Spring,2011,Jan,0,Tue,1,Misty/Cloudy,186,1799,1985,Working Day
2011-01-26,Spring,2011,Jan,0,Wed,1,Light Rain/Snow,34,472,506,Working Day
2011-01-27,Spring,2011,Jan,0,Thu,1,Clear/Partly Cloudy,15,416,431,Working Day
2011-01-28,Spring,2011,Jan,0,Fri,1,Misty/Cloudy,38,1129,1167,Working Day
2011-01-29,Spring,2011,Jan,0,Sat,0,Clear/Partly Cloudy,123,975,1098,Weekend
2011-01-30,Spring,2011,Jan,0,Sun,0,Clear/Partly Cloudy,140,956,1096,Weekend
2011-01-31,Spring,2011,Jan,0,Mon,1,Misty/Cloudy,42,1459,1501,Working Day
2011-02-01,Spring,2011,Feb,0,Tue,1,Misty/Cloudy,47,1313,1360,Working Day
2011-02-02,Spring,2011,Feb,0,Wed,1,Misty/Cloudy,72,1454,1526,Working Day
2011-02-03,Spring,2011,Feb,0,Thu,1,Clear/Partly Cloudy,61,1489,1550,Working Day
2011-02-04,Spring,2011,Feb,0,Fri,1,Misty/Cloudy,88,1620,1708,Working Day
2011-02-05,Spring,2011,Feb,0,Sat,0,Misty/Cloudy,100,905,1005,Weekend
2011-02-06,Spring,2011,Feb,0,Sun,0,Clear/Partly Cloudy,354,1269,1623,Weekend
2011-02-07,Spring,2011,Feb,0,Mon,1,Clear/Partly Cloudy,120,1592,1712,Working Day
2011-02-08,Spring,2011,Feb,0,Tue,1,Clear/Partly Cloudy,64,1466,1530,Working Day
2011-02-09,Spring,2011,Feb,0,Wed,1,Misty/Cloudy,53,1552,1605,Working Day
2011-02-10,Spring,2011,Feb,0,Thu,1,Clear/Partly Cloudy,47,1491,1538,Working Day
2011-02-11,Spring,2011,Feb,0,Fri,1,Clear/Partly Cloudy,149,1597,1746,Working Day
2011-02-12,Spring,2011,Feb,0,Sat,0,Clear/Partly Cloudy,288,1184,1472,Weekend
2011-02-13,Spring,2011,Feb,0,Sun,0,Clear/Partly Cloudy,397,1192,1589,Weekend
2011-02-14,Spring,2011,Feb,0,Mon,1,Clear/Partly Cloudy,208,1705,1913,Working Day
2011-02-15,Spring,2011,Feb,0,Tue,1,Clear/Partly Cloudy,140,1675,1815,Working Day
2011-02-16,Spring,2011,Feb,0,Wed,1,Clear/Partly Cloudy,218,1897,2115,Working Day
2011-02-17,Spring,2011,Feb,0,Thu,1,Clear/Partly Cloudy,259,2216,2475,Working Day
2011-02-18,Spring,2011,Feb,0,Fri,1,Clear/Partly Cloudy,579,2348,2927,Working Day
2011-02-19,Spring,2011,Feb,0,Sat,0,Clear/Partly Cloudy,532,1103,1635,Weekend
2011-02-20,Spring,2011,Feb,0,Sun,0,Clear/Partly Cloudy,639,1173,1812,Weekend
2011-02-21,Spring,2011,Feb,1,Mon,0,Misty/Cloudy,195,912,1107,Holiday
2011-02-22,Spring,2011,Feb,0,Tue,1,Clear/Partly Cloudy,74,1376,1450,Working Day
2011-02-23,Spring,2011,Feb,0,Wed,1,Clear/Partly Cloudy,139,1778,1917,Working Day
2011-02-24,Spring,2011,Feb,0,Thu,1,Misty/Cloudy,100,1707,1807,Working Day
2011-02-25,Spring,2011,Feb,0,Fri,1,Misty/Cloudy,120,1341,1461,Working Day
2011-02-26,Spring,2011,Feb,0,Sat,0,Clear/Partly Cloudy,424,1545,1969,Weekend
2011-02-27,Spring,2011,Feb,0,Sun,0,Clear/Partly Cloudy,694,1708,2402,Weekend
2011-02-28,Spring,2011,Feb,0,Mon,1,Misty/Cloudy,81,1365,1446,Working Day
2011-03-01,Spring,2011,Mar,0,Tue,1,Clear/Partly Cloudy,137,1714,1851,Working Day
2011-03-02,Spring,2011,Mar,0,Wed,1,Clear/Partly Cloudy,231,1903,2134,Working Day
2011-03-03,Spring,2011,Mar,0,Thu,1,Clear/Partly Cloudy,123,1562,1685,Working Day
2011-03-04,Spring,2011,Mar,0,Fri,1,Misty/Cloudy,214,1730,1944,Working Day
2011-03-05,Spring,2011,Mar,0,Sat,0,Misty/Cloudy,640,1437,2077,Weekend
2011-03-06,Spring,2011,Mar,0,Sun,0,Misty/Cloudy,114,491,605,Weekend
2011-03-07,Spring,2011,Mar,0,Mon,1,Clear/Partly Cloudy,244,1628,1872,Working Day
2011-03-08,Spring,2011,Mar,0,Tue,1,Clear/Partly Cloudy,316,1817,2133,Working Day
2011-03-09,Spring,2011,Mar,0,Wed,1,Misty/Cloudy,191,1700,1891,Working Day
2011-03-10,Spring,2011,Mar,0,Thu,1,Light Rain/Snow,46,577,623,Working Day
2011-03-11,Spring,2011,Mar,0,Fri,1,Misty/Cloudy,247,1730,1977,Working Day
2011-03-12,Spring,2011,Mar,0,Sat,0,Clear/Partly Cloudy,724,1408,2132,Weekend
2011-03-13,Spring,2011,Mar,0,Sun,0,Clear/Partly Cloudy,982,1435,2417,Weekend
2011-03-14,Spring,2011,Mar,0,Mon,1,Clear/Partly Cloudy,359,1687,2046,Working Day
2011-03-15,Spring,2011,Mar,0,Tue,1,Misty/Cloudy,289,1767,2056,Working Day
2011-03-16,Spring,2011,Mar,0,Wed,1,Misty/Cloudy,321,1871,2192,Working Day
2011-03-17,Spring,2011,Mar,0,Thu,1,Clear/Partly Cloudy,424,2320,2744,Working Day
2011-03-18,Spring,2011,Mar,0,Fri,1,Clear/Partly Cloudy,884,2355,3239,Working Day
2011-03-19,Spring,2011,Mar,0,Sat,0,Clear/Partly Cloudy,1424,1693,3117,Weekend
2011-03-20,Spring,2011,Mar,0,Sun,0,Clear/Partly Cloudy,1047,1424,2471,Weekend
2011-03-21,Summer,2011,Mar,0,Mon,1,Misty/Cloudy,401,1676,2077,Working Day
2011-03-22,Summer,2011,Mar,0,Tue,1,Clear/Partly Cloudy,460,2243,2703,Working Day
2011-03-23,Summer,2011,Mar,0,Wed,1,Misty/Cloudy,203,1918,2121,Working Day
2011-03-24,Summer,2011,Mar,0,Thu,1,Misty/Cloudy,166,1699,1865,Working Day
2011-03-25,Summer,2011,Mar,0,Fri,1,Clear/Partly Cloudy,300,1910,2210,Working Day
2011-03-26,Summer,2011,Mar,0,Sat,0,Clear/Partly Cloudy,981,1515,2496,Weekend
2011-03-27,Summer,2011,Mar,0,Sun,0,Misty/Cloudy,472,1221,1693,Weekend
2011-03-28,Summer,2011,Mar,0,Mon,1,Clear/Partly Cloudy,222,1806,2028,Working Day
2011-03-29,Summer,2011,Mar,0,Tue,1,Clear/Partly Cloudy,317,2108,2425,Working Day
2011-03-30,Summer,2011,Mar,0,Wed,1,Misty/Cloudy,168,1368,1536,Working Day
2011-03-31,Summer,2011,Mar,0,Thu,1,Light Rain/Snow,179,1506,1685,Working Day
2011-04-01,Summer,2011,Apr,0,Fri,1,Misty/Cloudy,307,1920,2227,Working Day
2011-04-02,Summer,2011,Apr,0,Sat,0,Misty/Cloudy,898,1354,2252,Weekend
2011-04-03,Summer,2011,Apr,0,Sun,0,Clear/Partly Cloudy,1651,1598,3249,Weekend
2011-04-04,Summer,2011,Apr,0,Mon,1,Clear/Partly Cloudy,734,2381,3115,Working Day
2011-04-05,Summer,2011,Apr,0,Tue,1,Misty/Cloudy,167,1628,1795,Working Day
2011-04-06,Summer,2011,Apr,0,Wed,1,Clear/Partly Cloudy,413,2395,2808,Working Day
2011-04-07,Summer,2011,Apr,0,Thu,1,Clear/Partly Cloudy,571,2570,3141,Working Day
2011-04-08,Summer,2011,Apr,0,Fri,1,Misty/Cloudy,172,1299,1471,Working Day
2011-04-09,Summer,2011,Apr,0,Sat,0,Misty/Cloudy,879,1576,2455,Weekend
2011-04-10,Summer,2011,Apr,0,Sun,0,Misty/Cloudy,1188,1707,2895,Weekend
2011-04-11,Summer,2011,Apr,0,Mon,1,Misty/Cloudy,855,2493,3348,Working Day
2011-04-12,Summer,2011,Apr,0,Tue,1,Misty/Cloudy,257,1777,2034,Working Day
2011-04-13,Summer,2011,Apr,0,Wed,1,Misty/Cloudy,209,1953,2162,Working Day
2011-04-14,Summer,2011,Apr,0,Thu,1,Clear/Partly Cloudy,529,2738,3267,Working Day
2011-04-15,Summer,2011,Apr,1,Fri,0,Clear/Partly Cloudy,642,2484,3126,Holiday
2011-04-16,Summer,2011,Apr,0,Sat,0,Light Rain/Snow,121,674,795,Weekend
2011-04-17,Summer,2011,Apr,0,Sun,0,Clear/Partly Cloudy,1558,2186,3744,Weekend
2011-04-18,Summer,2011,Apr,0,Mon,1,Clear/Partly Cloudy,669,2760,3429,Working Day
2011-04-19,Summer,2011,Apr,0,Tue,1,Misty/Cloudy,409,2795,3204,Working Day
2011-04-20,Summer,2011,Apr,0,Wed,1,Clear/Partly Cloudy,613,3331,3944,Working Day
2011-04-21,Summer,2011,Apr,0,Thu,1,Clear/Partly Cloudy,745,3444,4189,Working Day
2011-04-22,Summer,2011,Apr,0,Fri,1,Misty/Cloudy,177,1506,1683,Working Day
2011-04-23,Summer,2011,Apr,0,Sat,0,Misty/Cloudy,1462,2574,4036,Weekend
2011-04-24,Summer,2011,Apr,0,Sun,0,Misty/Cloudy,1710,2481,4191,Weekend
2011-04-25,Summer,2011,Apr,0,Mon,1,Clear/Partly Cloudy,773,3300,4073,Working Day
2011-04-26,Summer,2011,Apr,0,Tue,1,Clear/Partly Cloudy,678,3722,4400,Working Day
2011-04-27,Summer,2011,Apr,0,Wed,1,Misty/Cloudy,547,3325,3872,Working Day
2011-04-28,Summer,2011,Apr,0,Thu,1,Misty/Cloudy,569,3489,4058,Working Day
2011-04-29,Summer,2011,Apr,0,Fri,1,Clear/Partly Cloudy,878,3717,4595,Working Day
2011-04-30,Summer,2011,Apr,0,Sat,0,Clear/Partly Cloudy,1965,3347,5312,Weekend
2011-05-01,Summer,2011,May,0,Sun,0,Misty/Cloudy,1138,2213,3351,Weekend
2011-05-02,Summer,2011,May,0,Mon,1,Misty/Cloudy,847,3554,4401,Working Day
2011-05-03,Summer,2011,May,0,Tue,1,Misty/Cloudy,603,3848,4451,Working Day
2011-05-04,Summer,2011,May,0,Wed,1,Misty/Cloudy,255,2378,2633,Working Day
2011-05-05,Summer,2011,May,0,Thu,1,Clear/Partly Cloudy,614,3819,4433,Working Day
2011-05-06,Summer,2011,May,0,Fri,1,Clear/Partly Cloudy,894,3714,4608,Working Day
2011-05-07,Summer,2011,May,0,Sat,0,Clear/Partly Cloudy,1612,3102,4714,Weekend
2011-05-08,Summer,2011,May,0,Sun,0,Clear/Partly Cloudy,1401,2932,4333,Weekend
2011-05-09,Summer,2011,May,0,Mon,1,Clear/Partly Cloudy,664,3698,4362,Working Day
2011-05-10,Summer,2011,May,0,Tue,1,Clear/Partly Cloudy,694,4109,4803,Working Day
2011-05-11,Summer,2011,May,0,Wed,1,Clear/Partly Cloudy,550,3632,4182,Working Day
2011-05-12,Summer,2011,May,0,Thu,1,Clear/Partly Cloudy,695,4169,4864,Working Day
2011-05-13,Summer,2011,May,0,Fri,1,Misty/Cloudy,692,3413,4105,Working Day
2011-05-14,Summer,2011,May,0,Sat,0,Misty/Cloudy,902,2507,3409,Weekend
2011-05-15,Summer,2011,May,0,Sun,0,Misty/Cloudy,1582,2971,4553,Weekend
2011-05-16,Summer,2011,May,0,Mon,1,Clear/Partly Cloudy,773,3185,3958,Working Day
2011-05-17,Summer,2011,May,0,Tue,1,Misty/Cloudy,678,3445,4123,Working Day
2011-05-18,Summer,2011,May,0,Wed,1,Misty/Cloudy,536,3319,3855,Working Day
2011-05-19,Summer,2011,May,0,Thu,1,Misty/Cloudy,735,3840,4575,Working Day
2011-05-20,Summer,2011,May,0,Fri,1,Clear/Partly Cloudy,909,4008,4917,Working Day
2011-05-21,Summer,2011,May,0,Sat,0,Clear/Partly Cloudy,2258,3547,5805,Weekend
2011-05-22,Summer,2011,May,0,Sun,0,Clear/Partly Cloudy,1576,3084,4660,Weekend
2011-05-23,Summer,2011,May,0,Mon,1,Misty/Cloudy,836,3438,4274,Working Day
2011-05-24,Summer,2011,May,0,Tue,1,Misty/Cloudy,659,3833,4492,Working Day
2011-05-25,Summer,2011,May,0,Wed,1,Clear/Partly Cloudy,740,4238,4978,Working Day
2011-05-26,Summer,2011,May,0,Thu,1,Clear/Partly Cloudy,758,3919,4677,Working Day
2011-05-27,Summer,2011,May,0,Fri,1,Clear/Partly Cloudy,871,3808,4679,Working Day
2011-05-28,Summer,2011,May,0,Sat,0,Clear/Partly Cloudy,2001,2757,4758,Weekend
2011-05-29,Summer,2011,May,0,Sun,0,Clear/Partly Cloudy,2355,2433,4788,Weekend
2011-05-30,Summer,2011,May,1,Mon,0,Clear/Partly Cloudy,1549,2549,4098,Holiday
2011-05-31,Summer,2011,May,0,Tue,1,Clear/Partly Cloudy,673,3309,3982,Working Day
2011-06-01,Summer,2011,Jun,0,Wed,1,Misty/Cloudy,513,3461,3974,Working Day
2011-06-02,Summer,2011,Jun,0,Thu,1,Clear/Partly Cloudy,736,4232,4968,Working Day
2011-06-03,Summer,2011,Jun,0,Fri,1,Clear/Partly Cloudy,898,4414,5312,Working Day
2011-06-04,Summer,2011,Jun,0,Sat,0,Clear/Partly Cloudy,1869,3473,5342,Weekend
2011-06-05,Summer,2011,Jun,0,Sun,0,Misty/Cloudy,1685,3221,4906,Weekend
2011-06-06,Summer,2011,Jun,0,Mon,1,Clear/Partly Cloudy,673,3875,4548,Working Day
2011-06-07,Summer,2011,Jun,0,Tue,1,Clear/Partly Cloudy,763,4070,4833,Working Day
2011-06-08,Summer,2011,Jun,0,Wed,1,Clear/Partly Cloudy,676,3725,4401,Working Day
2011-06-09,Summer,2011,Jun,0,Thu,1,Misty/Cloudy,563,3352,3915,Working Day
2011-06-10,Summer,2011,Jun,0,Fri,1,Clear/Partly Cloudy,815,3771,4586,Working Day
2011-06-11,Summer,2011,Jun,0,Sat,0,Clear/Partly Cloudy,1729,3237,4966,Weekend
2011-06-12,Summer,2011,Jun,0,Sun,0,Clear/Partly Cloudy,1467,2993,4460,Weekend
2011-06-13,Summer,2011,Jun,0,Mon,1,Clear/Partly Cloudy,863,4157,5020,Working Day
2011-06-14,Summer,2011,Jun,0,Tue,1,Clear/Partly Cloudy,727,4164,4891,Working Day
2011-06-15,Summer,2011,Jun,0,Wed,1,Clear/Partly Cloudy,769,4411,5180,Working Day
2011-06-16,Summer,2011,Jun,0,Thu,1,Misty/Cloudy,545,3222,3767,Working Day
2011-06-17,Summer,2011,Jun,0,Fri,1,Clear/Partly Cloudy,863,3981,4844,Working Day
2011-06-18,Summer,2011,Jun,0,Sat,0,Clear/Partly Cloudy,1807,3312,5119,Weekend
2011-06-19,Summer,2011,Jun,0,Sun,0,Misty/Cloudy,1639,3105,4744,Weekend
2011-06-20,Summer,2011,Jun,0,Mon,1,Misty/Cloudy,699,3311,4010,Working Day
2011-06-21,Fall,2011,Jun,0,Tue,1,Misty/Cloudy,774,4061,4835,Working Day
2011-06-22,Fall,2011,Jun,0,Wed,1,Clear/Partly Cloudy,661,3846,4507,Working Day
2011-06-23,Fall,2011,Jun,0,Thu,1,Misty/Cloudy,746,4044,4790,Working Day
2011-06-24,Fall,2011,Jun,0,Fri,1,Clear/Partly Cloudy,969,4022,4991,Working Day
2011-06-25,Fall,2011,Jun,0,Sat,0,Clear/Partly Cloudy,1782,3420,5202,Weekend
2011-06-26,Fall,2011,Jun,0,Sun,0,Clear/Partly Cloudy,1920,3385,5305,Weekend
2011-06-27,Fall,2011,Jun,0,Mon,1,Misty/Cloudy,854,3854,4708,Working Day
2011-06-28,Fall,2011,Jun,0,Tue,1,Clear/Partly Cloudy,732,3916,4648,Working Day
2011-06-29,Fall,2011,Jun,0,Wed,1,Clear/Partly Cloudy,848,4377,5225,Working Day
2011-06-30,Fall,2011,Jun,0,Thu,1,Clear/Partly Cloudy,1027,4488,5515,Working Day
2011-07-01,Fall,2011,Jul,0,Fri,1,Clear/Partly Cloudy,1246,4116,5362,Working Day
2011-07-02,Fall,2011,Jul,0,Sat,0,Clear/Partly Cloudy,2204,2915,5119,Weekend
2011-07-03,Fall,2011,Jul,0,Sun,0,Misty/Cloudy,2282,2367,4649,Weekend
2011-07-04,Fall,2011,Jul,1,Mon,0,Misty/Cloudy,3065,2978,6043,Holiday
2011-07-05,Fall,2011,Jul,0,Tue,1,Clear/Partly Cloudy,1031,3634,4665,Working Day
2011-07-06,Fall,2011,Jul,0,Wed,1,Clear/Partly Cloudy,784,3845,4629,Working Day
2011-07-07,Fall,2011,Jul,0,Thu,1,Clear/Partly Cloudy,754,3838,4592,Working Day
2011-07-08,Fall,2011,Jul,0,Fri,1,Misty/Cloudy,692,3348,4040,Working Day
2011-07-09,Fall,2011,Jul,0,Sat,0,Clear/Partly Cloudy,1988,3348,5336,Weekend
2011-07-10,Fall,2011,Jul,0,Sun,0,Clear/Partly Cloudy,1743,3138,4881,Weekend
2011-07-11,Fall,2011,Jul,0,Mon,1,Clear/Partly Cloudy,723,3363,4086,Working Day
2011-07-12,Fall,2011,Jul,0,Tue,1,Clear/Partly Cloudy,662,3596,4258,Working Day
2011-07-13,Fall,2011,Jul,0,Wed,1,Clear/Partly Cloudy,748,3594,4342,Working Day
2011-07-14,Fall,2011,Jul,0,Thu,1,Clear/Partly Cloudy,888,4196,5084,Working Day
2011-07-15,Fall,2011,Jul,0,Fri,1,Clear/Partly Cloudy,1318,4220,5538,Working Day
2011-07-16,Fall,2011,Jul,0,Sat,0,Clear/Partly Cloudy,2418,3505,5923,Weekend
2011-07-17,Fall,2011,Jul,0,Sun,0,Clear/Partly Cloudy,2006,3296,5302,Weekend
2011-07-18,Fall,2011,Jul,0,Mon,1,Clear/Partly Cloudy,841,3617,4458,Working Day
2011-07-19,Fall,2011,Jul,0,Tue,1,Clear/Partly Cloudy,752,3789,4541,Working Day
2011-07-20,Fall,2011,Jul,0,Wed,1,Clear/Partly Cloudy,644,3688,4332,Working Day
2011-07-21,Fall,2011,Jul,0,Thu,1,Misty/Cloudy,632,3152,3784,Working Day
2011-07-22,Fall,2011,Jul,0,Fri,1,Clear/Partly Cloudy,562,2825,3387,Working Day
2011-07-23,Fall,2011,Jul,0,Sat,0,Clear/Partly Cloudy,987,2298,3285,Weekend
2011-07-24,Fall,2011,Jul,0,Sun,0,Clear/Partly Cloudy,1050,2556,3606,Weekend
2011-07-25,Fall,2011,Jul,0,Mon,1,Clear/Partly Cloudy,568,3272,3840,Working Day
2011-07-26,Fall,2011,Jul,0,Tue,1,Clear/Partly Cloudy,750,3840,4590,Working Day
2011-07-27,Fall,2011,Jul,0,Wed,1,Clear/Partly Cloudy,755,3901,4656,Working Day
2011-07-28,Fall,2011,Jul,0,Thu,1,Clear/Partly Cloudy,606,3784,4390,Working Day
2011-07-29,Fall,2011,Jul,0,Fri,1,Clear/Partly Cloudy,670,3176,3846,Working Day
2011-07-30,Fall,2011,Jul,0,Sat,0,Clear/Partly Cloudy,1559,2916,4475,Weekend
2011-07-31,Fall,2011,Jul,0,Sun,0,Clear/Partly Cloudy,1524,2778,4302,Weekend
2011-08-01,Fall,2011,Aug,0,Mon,1,Clear/Partly Cloudy,729,3537,4266,Working Day
2011-08-02,Fall,2011,Aug,0,Tue,1,Clear/Partly Cloudy,801,4044,4845,Working Day
2011-08-03,Fall,2011,Aug,0,Wed,1,Misty/Cloudy,467,3107,3574,Working Day
2011-08-04,Fall,2011,Aug,0,Thu,1,Misty/Cloudy,799,3777,4576,Working Day
2011-08-05,Fall,2011,Aug,0,Fri,1,Clear/Partly Cloudy,1023,3843,4866,Working Day
2011-08-06,Fall,2011,Aug,0,Sat,0,Misty/Cloudy,1521,2773,4294,Weekend
2011-08-07,Fall,2011,Aug,0,Sun,0,Clear/Partly Cloudy,1298,2487,3785,Weekend
2011-08-08,Fall,2011,Aug,0,Mon,1,Clear/Partly Cloudy,846,3480,4326,Working Day
2011-08-09,Fall,2011,Aug,0,Tue,1,Clear/Partly Cloudy,907,3695,4602,Working Day
2011-08-10,Fall,2011,Aug,0,Wed,1,Clear/Partly Cloudy,884,3896,4780,Working Day
2011-08-11,Fall,2011,Aug,0,Thu,1,Clear/Partly Cloudy,812,3980,4792,Working Day
2011-08-12,Fall,2011,Aug,0,Fri,1,Clear/Partly Cloudy,1051,3854,4905,Working Day
2011-08-13,Fall,2011,Aug,0,Sat,0,Misty/Cloudy,1504,2646,4150,Weekend
2011-08-14,Fall,2011,Aug,0,Sun,0,Misty/Cloudy,1338,2482,3820,Weekend
2011-08-15,Fall,2011,Aug,0,Mon,1,Clear/Partly Cloudy,775,3563,4338,Working Day
2011-08-16,Fall,2011,Aug,0,Tue,1,Clear/Partly Cloudy,721,4004,4725,Working Day
2011-08-17,Fall,2011,Aug,0,Wed,1,Clear/Partly Cloudy,668,4026,4694,Working Day
2011-08-18,Fall,2011,Aug,0,Thu,1,Clear/Partly Cloudy,639,3166,3805,Working Day
2011-08-19,Fall,2011,Aug,0,Fri,1,Misty/Cloudy,797,3356,4153,Working Day
2011-08-20,Fall,2011,Aug,0,Sat,0,Clear/Partly Cloudy,1914,3277,5191,Weekend
2011-08-21,Fall,2011,Aug,0,Sun,0,Clear/Partly Cloudy,1249,2624,3873,Weekend
2011-08-22,Fall,2011,Aug,0,Mon,1,Clear/Partly Cloudy,833,3925,4758,Working Day
2011-08-23,Fall,2011,Aug,0,Tue,1,Clear/Partly Cloudy,1281,4614,5895,Working Day
2011-08-24,Fall,2011,Aug,0,Wed,1,Clear/Partly Cloudy,949,4181,5130,Working Day
2011-08-25,Fall,2011,Aug,0,Thu,1,Misty/Cloudy,435,3107,3542,Working Day
2011-08-26,Fall,2011,Aug,0,Fri,1,Clear/Partly Cloudy,768,3893,4661,Working Day
2011-08-27,Fall,2011,Aug,0,Sat,0,Misty/Cloudy,226,889,1115,Weekend
2011-08-28,Fall,2011,Aug,0,Sun,0,Clear/Partly Cloudy,1415,2919,4334,Weekend
2011-08-29,Fall,2011,Aug,0,Mon,1,Clear/Partly Cloudy,729,3905,4634,Working Day
2011-08-30,Fall,2011,Aug,0,Tue,1,Clear/Partly Cloudy,775,4429,5204,Working Day
2011-08-31,Fall,2011,Aug,0,Wed,1,Clear/Partly Cloudy,688,4370,5058,Working Day
2011-09-01,Fall,2011,Sep,0,Thu,1,Clear/Partly Cloudy,783,4332,5115,Working Day
2011-09-02,Fall,2011,Sep,0,Fri,1,Misty/Cloudy,875,3852,4727,Working Day
2011-09-03,Fall,2011,Sep,0,Sat,0,Clear/Partly Cloudy,1935,2549,4484,Weekend
2011-09-04,Fall,2011,Sep,0,Sun,0,Clear/Partly Cloudy,2521,2419,4940,Weekend
2011-09-05,Fall,2011,Sep,1,Mon,0,Misty/Cloudy,1236,2115,3351,Holiday
2011-09-06,Fall,2011,Sep,0,Tue,1,Light Rain/Snow,204,2506,2710,Working Day
2011-09-07,Fall,2011,Sep,0,Wed,1,Light Rain/Snow,118,1878,1996,Working Day
2011-09-08,Fall,2011,Sep,0,Thu,1,Light Rain/Snow,153,1689,1842,Working Day
2011-09-09,Fall,2011,Sep,0,Fri,1,Misty/Cloudy,417,3127,3544,Working Day
2011-09-10,Fall,2011,Sep,0,Sat,0,Clear/Partly Cloudy,1750,3595,5345,Weekend
2011-09-11,Fall,2011,Sep,0,Sun,0,Clear/Partly Cloudy,1633,3413,5046,Weekend
2011-09-12,Fall,2011,Sep,0,Mon,1,Clear/Partly Cloudy,690,4023,4713,Working Day
2011-09-13,Fall,2011,Sep,0,Tue,1,Clear/Partly Cloudy,701,4062,4763,Working Day
2011-09-14,Fall,2011,Sep,0,Wed,1,Clear/Partly Cloudy,647,4138,4785,Working Day
2011-09-15,Fall,2011,Sep,0,Thu,1,Misty/Cloudy,428,3231,3659,Working Day
2011-09-16,Fall,2011,Sep,0,Fri,1,Misty/Cloudy,742,4018,4760,Working Day
2011-09-17,Fall,2011,Sep,0,Sat,0,Misty/Cloudy,1434,3077,4511,Weekend
2011-09-18,Fall,2011,Sep,0,Sun,0,Clear/Partly Cloudy,1353,2921,4274,Weekend
2011-09-19,Fall,2011,Sep,0,Mon,1,Misty/Cloudy,691,3848,4539,Working Day
2011-09-20,Fall,2011,Sep,0,Tue,1,Misty/Cloudy,438,3203,3641,Working Day
2011-09-21,Fall,2011,Sep,0,Wed,1,Misty/Cloudy,539,3813,4352,Working Day
2011-09-22,Fall,2011,Sep,0,Thu,1,Misty/Cloudy,555,4240,4795,Working Day
2011-09-23,Winter,2011,Sep,0,Fri,1,Misty/Cloudy,258,2137,2395,Working Day
2011-09-24,Winter,2011,Sep,0,Sat,0,Misty/Cloudy,1776,3647,5423,Weekend
2011-09-25,Winter,2011,Sep,0,Sun,0,Misty/Cloudy,1544,3466,5010,Weekend
2011-09-26,Winter,2011,Sep,0,Mon,1,Misty/Cloudy,684,3946,4630,Working Day
2011-09-27,Winter,2011,Sep,0,Tue,1,Misty/Cloudy,477,3643,4120,Working Day
2011-09-28,Winter,2011,Sep,0,Wed,1,Misty/Cloudy,480,3427,3907,Working Day
2011-09-29,Winter,2011,Sep,0,Thu,1,Clear/Partly Cloudy,653,4186,4839,Working Day
2011-09-30,Winter,2011,Sep,0,Fri,1,Clear/Partly Cloudy,830,4372,5202,Working Day
2011-10-01,Winter,2011,Oct,0,Sat,0,Misty/Cloudy,480,1949,2429,Weekend
2011-10-02,Winter,2011,Oct,0,Sun,0,Misty/Cloudy,616,2302,2918,Weekend
2011-10-03,Winter,2011,Oct,0,Mon,1,Misty/Cloudy,330,3240,3570,Working Day
2011-10-04,Winter,2011,Oct,0,Tue,1,Clear/Partly Cloudy,486,3970,4456,Working Day
2011-10-05,Winter,2011,Oct,0,Wed,1,Clear/Partly Cloudy,559,4267,4826,Working Day
2011-10-06,Winter,2011,Oct,0,Thu,1,Clear/Partly Cloudy,639,4126,4765,Working Day
2011-10-07,Winter,2011,Oct,0,Fri,1,Clear/Partly Cloudy,949,4036,4985,Working Day
2011-10-08,Winter,2011,Oct,0,Sat,0,Clear/Partly Cloudy,2235,3174,5409,Weekend
2011-10-09,Winter,2011,Oct,0,Sun,0,Clear/Partly Cloudy,2397,3114,5511,Weekend
2011-10-10,Winter,2011,Oct,1,Mon,0,Clear/Partly Cloudy,1514,3603,5117,Holiday
2011-10-11,Winter,2011,Oct,0,Tue,1,Misty/Cloudy,667,3896,4563,Working Day
2011-10-12,Winter,2011,Oct,0,Wed,1,Light Rain/Snow,217,2199,2416,Working Day
2011-10-13,Winter,2011,Oct,0,Thu,1,Misty/Cloudy,290,2623,2913,Working Day
2011-10-14,Winter,2011,Oct,0,Fri,1,Misty/Cloudy,529,3115,3644,Working Day
2011-10-15,Winter,2011,Oct,0,Sat,0,Clear/Partly Cloudy,1899,3318,5217,Weekend
2011-10-16,Winter,2011,Oct,0,Sun,0,Clear/Partly Cloudy,1748,3293,5041,Weekend
2011-10-17,Winter,2011,Oct,0,Mon,1,Clear/Partly Cloudy,713,3857,4570,Working Day
2011-10-18,Winter,2011,Oct,0,Tue,1,Misty/Cloudy,637,4111,4748,Working Day
2011-10-19,Winter,2011,Oct,0,Wed,1,Light Rain/Snow,254,2170,2424,Working Day
2011-10-20,Winter,2011,Oct,0,Thu,1,Clear/Partly Cloudy,471,3724,4195,Working Day
2011-10-21,Winter,2011,Oct,0,Fri,1,Clear/Partly Cloudy,676,3628,4304,Working Day
2011-10-22,Winter,2011,Oct,0,Sat,0,Clear/Partly Cloudy,1499,2809,4308,Weekend
2011-10-23,Winter,2011,Oct,0,Sun,0,Clear/Partly Cloudy,1619,2762,4381,Weekend
2011-10-24,Winter,2011,Oct,0,Mon,1,Clear/Partly Cloudy,699,3488,4187,Working Day
2011-10-25,Winter,2011,Oct,0,Tue,1,Clear/Partly Cloudy,695,3992,4687,Working Day
2011-10-26,Winter,2011,Oct,0,Wed,1,Misty/Cloudy,404,3490,3894,Working Day
2011-10-27,Winter,2011,Oct,0,Thu,1,Misty/Cloudy,240,2419,2659,Working Day
2011-10-28,Winter,2011,Oct,0,Fri,1,Misty/Cloudy,456,3291,3747,Working Day
2011-10-29,Winter,2011,Oct,0,Sat,0,Light Rain/Snow,57,570,627,Weekend
2011-10-30,Winter,2011,Oct,0,Sun,0,Clear/Partly Cloudy,885,2446,3331,Weekend
2011-10-31,Winter,2011,Oct,0,Mon,1,Clear/Partly Cloudy,362,3307,3669,Working Day
2011-11-01,Winter,2011,Nov,0,Tue,1,Clear/Partly Cloudy,410,3658,4068,Working Day
2011-11-02,Winter,2011,Nov,0,Wed,1,Clear/Partly Cloudy,370,3816,4186,Working Day
2011-11-03,Winter,2011,Nov,0,Thu,1,Clear/Partly Cloudy,318,3656,3974,Working Day
2011-11-04,Winter,2011,Nov,0,Fri,1,Misty/Cloudy,470,3576,4046,Working Day
2011-11-05,Winter,2011,Nov,0,Sat,0,Clear/Partly Cloudy,1156,2770,3926,Weekend
2011-11-06,Winter,2011,Nov,0,Sun,0,Clear/Partly Cloudy,952,2697,3649,Weekend
2011-11-07,Winter,2011,Nov,0,Mon,1,Clear/Partly Cloudy,373,3662,4035,Working Day
2011-11-08,Winter,2011,Nov,0,Tue,1,Clear/Partly Cloudy,376,3829,4205,Working Day
2011-11-09,Winter,2011,Nov,0,Wed,1,Clear/Partly Cloudy,305,3804,4109,Working Day
2011-11-10,Winter,2011,Nov,0,Thu,1,Misty/Cloudy,190,2743,2933,Working Day
2011-11-11,Winter,2011,Nov,1,Fri,0,Clear/Partly Cloudy,440,2928,3368,Holiday
2011-11-12,Winter,2011,Nov,0,Sat,0,Clear/Partly Cloudy,1275,2792,4067,Weekend
2011-11-13,Winter,2011,Nov,0,Sun,0,Clear/Partly Cloudy,1004,2713,3717,Weekend
2011-11-14,Winter,2011,Nov,0,Mon,1,Clear/Partly Cloudy,595,3891,4486,Working Day
2011-11-15,Winter,2011,Nov,0,Tue,1,Misty/Cloudy,449,3746,4195,Working Day
2011-11-16,Winter,2011,Nov,0,Wed,1,Light Rain/Snow,145,1672,1817,Working Day
2011-11-17,Winter,2011,Nov,0,Thu,1,Misty/Cloudy,139,2914,3053,Working Day
2011-11-18,Winter,2011,Nov,0,Fri,1,Clear/Partly Cloudy,245,3147,3392,Working Day
2011-11-19,Winter,2011,Nov,0,Sat,0,Clear/Partly Cloudy,943,2720,3663,Weekend
2011-11-20,Winter,2011,Nov,0,Sun,0,Misty/Cloudy,787,2733,3520,Weekend
2011-11-21,Winter,2011,Nov,0,Mon,1,Light Rain/Snow,220,2545,2765,Working Day
2011-11-22,Winter,2011,Nov,0,Tue,1,Light Rain/Snow,69,1538,1607,Working Day
2011-11-23,Winter,2011,Nov,0,Wed,1,Misty/Cloudy,112,2454,2566,Working Day
2011-11-24,Winter,2011,Nov,1,Thu,0,Clear/Partly Cloudy,560,935,1495,Holiday
2011-11-25,Winter,2011,Nov,0,Fri,1,Clear/Partly Cloudy,1095,1697,2792,Working Day
2011-11-26,Winter,2011,Nov,0,Sat,0,Clear/Partly Cloudy,1249,1819,3068,Weekend
2011-11-27,Winter,2011,Nov,0,Sun,0,Clear/Partly Cloudy,810,2261,3071,Weekend
2011-11-28,Winter,2011,Nov,0,Mon,1,Clear/Partly Cloudy,253,3614,3867,Working Day
2011-11-29,Winter,2011,Nov,0,Tue,1,Misty/Cloudy,96,2818,2914,Working Day
2011-11-30,Winter,2011,Nov,0,Wed,1,Clear/Partly Cloudy,188,3425,3613,Working Day
2011-12-01,Winter,2011,Dec,0,Thu,1,Clear/Partly Cloudy,182,3545,3727,Working Day
2011-12-02,Winter,2011,Dec,0,Fri,1,Clear/Partly Cloudy,268,3672,3940,Working Day
2011-12-03,Winter,2011,Dec,0,Sat,0,Clear/Partly Cloudy,706,2908,3614,Weekend
2011-12-04,Winter,2011,Dec,0,Sun,0,Clear/Partly Cloudy,634,2851,3485,Weekend
2011-12-05,Winter,2011,Dec,0,Mon,1,Misty/Cloudy,233,3578,3811,Working Day
2011-12-06,Winter,2011,Dec,0,Tue,1,Light Rain/Snow,126,2468,2594,Working Day
2011-12-07,Winter,2011,Dec,0,Wed,1,Light Rain/Snow,50,655,705,Working Day
2011-12-08,Winter,2011,Dec,0,Thu,1,Clear/Partly Cloudy,150,3172,3322,Working Day
2011-12-09,Winter,2011,Dec,0,Fri,1,Clear/Partly Cloudy,261,3359,3620,Working Day
2011-12-10,Winter,2011,Dec,0,Sat,0,Clear/Partly Cloudy,502,2688,3190,Weekend
2011-12-11,Winter,2011,Dec,0,Sun,0,Clear/Partly Cloudy,377,2366,2743,Weekend
2011-12-12,Winter,2011,Dec,0,Mon,1,Clear/Partly Cloudy,143,3167,3310,Working Day
2011-12-13,Winter,2011,Dec,0,Tue,1,Clear/Partly Cloudy,155,3368,3523,Working Day
2011-12-14,Winter,2011,Dec,0,Wed,1,Misty/Cloudy,178,3562,3740,Working Day
2011-12-15,Winter,2011,Dec,0,Thu,1,Misty/Cloudy,181,3528,3709,Working Day
2011-12-16,Winter,2011,Dec,0,Fri,1,Misty/Cloudy,178,3399,3577,Working Day
2011-12-17,Winter,2011,Dec,0,Sat,0,Misty/Cloudy,275,2464,2739,Weekend
2011-12-18,Winter,2011,Dec,0,Sun,0,Clear/Partly Cloudy,220,2211,2431,Weekend
2011-12-19,Winter,2011,Dec,0,Mon,1,Clear/Partly Cloudy,260,3143,3403,Working Day
2011-12-20,Winter,2011,Dec,0,Tue,1,Misty/Cloudy,216,3534,3750,Working Day
2011-12-21,Spring,2011,Dec,0,Wed,1,Misty/Cloudy,107,2553,2660,Working Day
2011-12-22,Spring,2011,Dec,0,Thu,1,Misty/Cloudy,227,2841,3068,Working Day
2011-12-23,Spring,2011,Dec,0,Fri,1,Clear/Partly Cloudy,163,2046,2209,Working Day
2011-12-24,Spring,2011,Dec,0,Sat,0,Clear/Partly Cloudy,155,856,1011,Weekend
2011-12-25,Spring,2011,Dec,0,Sun,0,Clear/Partly Cloudy,303,451,754,Weekend
2011-12-26,Spring,2011,Dec,1,Mon,0,Clear/Partly Cloudy,430,887,1317,Holiday
2011-12-27,Spring,2011,Dec,0,Tue,1,Misty/Cloudy,103,1059,1162,Working Day
2011-12-28,Spring,2011,Dec,0,Wed,1,Clear/Partly Cloudy,255,2047,2302,Working Day
2011-12-29,Spring,2011,Dec,0,Thu,1,Clear/Partly Cloudy,254,2169,2423,Working Day
2011-12-30,Spring,2011,Dec,0,Fri,1,Clear/Partly Cloudy,491,2508,2999,Working Day
2011-12-31,Spring,2011,Dec,0,Sat,0,Clear/Partly Cloudy,665,1820,2485,Weekend
2012-01-01,Spring,2012,Jan,0,Sun,0,Clear/Partly Cloudy,686,1608,2294,Weekend
2012-01-02,Spring,2012,Jan,1,Mon,0,Clear/Partly Cloudy,244,1707,1951,Holiday
2012-01-03,Spring,2012,Jan,0,Tue,1,Clear/Partly Cloudy,89,2147,2236,Working Day
2012-01-04,Spring,2012,Jan,0,Wed,1,Misty/Cloudy,95,2273,2368,Working Day
2012-01-05,Spring,2012,Jan,0,Thu,1,Clear/Partly Cloudy,140,3132,3272,Working Day
2012-01-06,Spring,2012,Jan,0,Fri,1,Clear/Partly Cloudy,307,3791,4098,Working Day
2012-01-07,Spring,2012,Jan,0,Sat,0,Clear/Partly Cloudy,1070,3451,4521,Weekend
2012-01-08,Spring,2012,Jan,0,Sun,0,Clear/Partly Cloudy,599,2826,3425,Weekend
2012-01-09,Spring,2012,Jan,0,Mon,1,Misty/Cloudy,106,2270,2376,Working Day
2012-01-10,Spring,2012,Jan,0,Tue,1,Clear/Partly Cloudy,173,3425,3598,Working Day
2012-01-11,Spring,2012,Jan,0,Wed,1,Misty/Cloudy,92,2085,2177,Working Day
2012-01-12,Spring,2012,Jan,0,Thu,1,Misty/Cloudy,269,3828,4097,Working Day
2012-01-13,Spring,2012,Jan,0,Fri,1,Clear/Partly Cloudy,174,3040,3214,Working Day
2012-01-14,Spring,2012,Jan,0,Sat,0,Clear/Partly Cloudy,333,2160,2493,Weekend
2012-01-15,Spring,2012,Jan,0,Sun,0,Clear/Partly Cloudy,284,2027,2311,Weekend
2012-01-16,Spring,2012,Jan,1,Mon,0,Clear/Partly Cloudy,217,2081,2298,Holiday
2012-01-17,Spring,2012,Jan,0,Tue,1,Misty/Cloudy,127,2808,2935,Working Day
2012-01-18,Spring,2012,Jan,0,Wed,1,Clear/Partly Cloudy,109,3267,3376,Working Day
2012-01-19,Spring,2012,Jan,0,Thu,1,Clear/Partly Cloudy,130,3162,3292,Working Day
2012-01-20,Spring,2012,Jan,0,Fri,1,Misty/Cloudy,115,3048,3163,Working Day
2012-01-21,Spring,2012,Jan,0,Sat,0,Misty/Cloudy,67,1234,1301,Weekend
2012-01-22,Spring,2012,Jan,0,Sun,0,Misty/Cloudy,196,1781,1977,Weekend
2012-01-23,Spring,2012,Jan,0,Mon,1,Misty/Cloudy,145,2287,2432,Working Day
2012-01-24,Spring,2012,Jan,0,Tue,1,Clear/Partly Cloudy,439,3900,4339,Working Day
2012-01-25,Spring,2012,Jan,0,Wed,1,Clear/Partly Cloudy,467,3803,4270,Working Day
2012-01-26,Spring,2012,Jan,0,Thu,1,Misty/Cloudy,244,3831,4075,Working Day
2012-01-27,Spring,2012,Jan,0,Fri,1,Misty/Cloudy,269,3187,3456,Working Day
2012-01-28,Spring,2012,Jan,0,Sat,0,Clear/Partly Cloudy,775,3248,4023,Weekend
2012-01-29,Spring,2012,Jan,0,Sun,0,Clear/Partly Cloudy,558,2685,3243,Weekend
2012-01-30,Spring,2012,Jan,0,Mon,1,Clear/Partly Cloudy,126,3498,3624,Working Day
2012-01-31,Spring,2012,Jan,0,Tue,1,Clear/Partly Cloudy,324,4185,4509,Working Day
2012-02-01,Spring,2012,Feb,0,Wed,1,Clear/Partly Cloudy,304,4275,4579,Working Day
2012-02-02,Spring,2012,Feb,0,Thu,1,Misty/Cloudy,190,3571,3761,Working Day
2012-02-03,Spring,2012,Feb,0,Fri,1,Clear/Partly Cloudy,310,3841,4151,Working Day
2012-02-04,Spring,2012,Feb,0,Sat,0,Misty/Cloudy,384,2448,2832,Weekend
2012-02-05,Spring,2012,Feb,0,Sun,0,Misty/Cloudy,318,2629,2947,Weekend
2012-02-06,Spring,2012,Feb,0,Mon,1,Clear/Partly Cloudy,206,3578,3784,Working Day
2012-02-07,Spring,2012,Feb,0,Tue,1,Clear/Partly Cloudy,199,4176,4375,Working Day
2012-02-08,Spring,2012,Feb,0,Wed,1,Misty/Cloudy,109,2693,2802,Working Day
2012-02-09,Spring,2012,Feb,0,Thu,1,Clear/Partly Cloudy,163,3667,3830,Working Day
2012-02-10,Spring,2012,Feb,0,Fri,1,Misty/Cloudy,227,3604,3831,Working Day
2012-02-11,Spring,2012,Feb,0,Sat,0,Light Rain/Snow,192,1977,2169,Weekend
2012-02-12,Spring,2012,Feb,0,Sun,0,Clear/Partly Cloudy,73,1456,1529,Weekend
2012-02-13,Spring,2012,Feb,0,Mon,1,Clear/Partly Cloudy,94,3328,3422,Working Day
2012-02-14,Spring,2012,Feb,0,Tue,1,Misty/Cloudy,135,3787,3922,Working Day
2012-02-15,Spring,2012,Feb,0,Wed,1,Clear/Partly Cloudy,141,4028,4169,Working Day
2012-02-16,Spring,2012,Feb,0,Thu,1,Misty/Cloudy,74,2931,3005,Working Day
2012-02-17,Spring,2012,Feb,0,Fri,1,Clear/Partly Cloudy,349,3805,4154,Working Day
2012-02-18,Spring,2012,Feb,0,Sat,0,Clear/Partly Cloudy,1435,2883,4318,Weekend
2012-02-19,Spring,2012,Feb,0,Sun,0,Misty/Cloudy,618,2071,2689,Weekend
2012-02-20,Spring,2012,Feb,1,Mon,0,Clear/Partly Cloudy,502,2627,3129,Holiday
2012-02-21,Spring,2012,Feb,0,Tue,1,Clear/Partly Cloudy,163,3614,3777,Working Day
2012-02-22,Spring,2012,Feb,0,Wed,1,Clear/Partly Cloudy,394,4379,4773,Working Day
2012-02-23,Spring,2012,Feb,0,Thu,1,Clear/Partly Cloudy,516,4546,5062,Working Day
2012-02-24,Spring,2012,Feb,0,Fri,1,Misty/Cloudy,246,3241,3487,Working Day
2012-02-25,Spring,2012,Feb,0,Sat,0,Clear/Partly Cloudy,317,2415,2732,Weekend
2012-02-26,Spring,2012,Feb,0,Sun,0,Clear/Partly Cloudy,515,2874,3389,Weekend
2012-02-27,Spring,2012,Feb,0,Mon,1,Clear/Partly Cloudy,253,4069,4322,Working Day
2012-02-28,Spring,2012,Feb,0,Tue,1,Clear/Partly Cloudy,229,4134,4363,Working Day
2012-02-29,Spring,2012,Feb,0,Wed,1,Misty/Cloudy,65,1769,1834,Working Day
2012-03-01,Spring,2012,Mar,0,Thu,1,Clear/Partly Cloudy,325,4665,4990,Working Day
2012-03-02,Spring,2012,Mar,0,Fri,1,Misty/Cloudy,246,2948,3194,Working Day
2012-03-03,Spring,2012,Mar,0,Sat,0,Misty/Cloudy,956,3110,4066,Weekend
2012-03-04,Spring,2012,Mar,0,Sun,0,Clear/Partly Cloudy,710,2713,3423,Weekend
2012-03-05,Spring,2012,Mar,0,Mon,1,Clear/Partly Cloudy,203,3130,3333,Working Day
2012-03-06,Spring,2012,Mar,0,Tue,1,Clear/Partly Cloudy,221,3735,3956,Working Day
2012-03-07,Spring,2012,Mar,0,Wed,1,Clear/Partly Cloudy,432,4484,4916,Working Day
2012-03-08,Spring,2012,Mar,0,Thu,1,Clear/Partly Cloudy,486,4896,5382,Working Day
2012-03-09,Spring,2012,Mar,0,Fri,1,Misty/Cloudy,447,4122,4569,Working Day
2012-03-10,Spring,2012,Mar,0,Sat,0,Clear/Partly Cloudy,968,3150,4118,Weekend
2012-03-11,Spring,2012,Mar,0,Sun,0,Clear/Partly Cloudy,1658,3253,4911,Weekend
2012-03-12,Spring,2012,Mar,0,Mon,1,Clear/Partly Cloudy,838,4460,5298,Working Day
2012-03-13,Spring,2012,Mar,0,Tue,1,Clear/Partly Cloudy,762,5085,5847,Working Day
2012-03-14,Spring,2012,Mar,0,Wed,1,Clear/Partly Cloudy,997,5315,6312,Working Day
2012-03-15,Spring,2012,Mar,0,Thu,1,Clear/Partly Cloudy,1005,5187,6192,Working Day
2012-03-16,Spring,2012,Mar,0,Fri,1,Misty/Cloudy,548,3830,4378,Working Day
2012-03-17,Spring,2012,Mar,0,Sat,0,Misty/Cloudy,3155,4681,7836,Weekend
2012-03-18,Spring,2012,Mar,0,Sun,0,Misty/Cloudy,2207,3685,5892,Weekend
2012-03-19,Spring,2012,Mar,0,Mon,1,Clear/Partly Cloudy,982,5171,6153,Working Day
2012-03-20,Spring,2012,Mar,0,Tue,1,Clear/Partly Cloudy,1051,5042,6093,Working Day
2012-03-21,Summer,2012,Mar,0,Wed,1,Misty/Cloudy,1122,5108,6230,Working Day
2012-03-22,Summer,2012,Mar,0,Thu,1,Clear/Partly Cloudy,1334,5537,6871,Working Day
2012-03-23,Summer,2012,Mar,0,Fri,1,Misty/Cloudy,2469,5893,8362,Working Day
2012-03-24,Summer,2012,Mar,0,Sat,0,Misty/Cloudy,1033,2339,3372,Weekend
2012-03-25,Summer,2012,Mar,0,Sun,0,Misty/Cloudy,1532,3464,4996,Weekend
2012-03-26,Summer,2012,Mar,0,Mon,1,Clear/Partly Cloudy,795,4763,5558,Working Day
2012-03-27,Summer,2012,Mar,0,Tue,1,Clear/Partly Cloudy,531,4571,5102,Working Day
2012-03-28,Summer,2012,Mar,0,Wed,1,Clear/Partly Cloudy,674,5024,5698,Working Day
2012-03-29,Summer,2012,Mar,0,Thu,1,Clear/Partly Cloudy,834,5299,6133,Working Day
2012-03-30,Summer,2012,Mar,0,Fri,1,Misty/Cloudy,796,4663,5459,Working Day
2012-03-31,Summer,2012,Mar,0,Sat,0,Misty/Cloudy,2301,3934,6235,Weekend
2012-04-01,Summer,2012,Apr,0,Sun,0,Misty/Cloudy,2347,3694,6041,Weekend
2012-04-02,Summer,2012,Apr,0,Mon,1,Clear/Partly Cloudy,1208,4728,5936,Working Day
2012-04-03,Summer,2012,Apr,0,Tue,1,Clear/Partly Cloudy,1348,5424,6772,Working Day
2012-04-04,Summer,2012,Apr,0,Wed,1,Clear/Partly Cloudy,1058,5378,6436,Working Day
2012-04-05,Summer,2012,Apr,0,Thu,1,Clear/Partly Cloudy,1192,5265,6457,Working Day
2012-04-06,Summer,2012,Apr,0,Fri,1,Clear/Partly Cloudy,1807,4653,6460,Working Day
2012-04-07,Summer,2012,Apr,0,Sat,0,Clear/Partly Cloudy,3252,3605,6857,Weekend
2012-04-08,Summer,2012,Apr,0,Sun,0,Clear/Partly Cloudy,2230,2939,5169,Weekend
2012-04-09,Summer,2012,Apr,0,Mon,1,Clear/Partly Cloudy,905,4680,5585,Working Day
2012-04-10,Summer,2012,Apr,0,Tue,1,Clear/Partly Cloudy,819,5099,5918,Working Day
2012-04-11,Summer,2012,Apr,0,Wed,1,Clear/Partly Cloudy,482,4380,4862,Working Day
2012-04-12,Summer,2012,Apr,0,Thu,1,Clear/Partly Cloudy,663,4746,5409,Working Day
2012-04-13,Summer,2012,Apr,0,Fri,1,Clear/Partly Cloudy,1252,5146,6398,Working Day
2012-04-14,Summer,2012,Apr,0,Sat,0,Clear/Partly Cloudy,2795,4665,7460,Weekend
2012-04-15,Summer,2012,Apr,0,Sun,0,Clear/Partly Cloudy,2846,4286,7132,Weekend
2012-04-16,Summer,2012,Apr,1,Mon,0,Clear/Partly Cloudy,1198,5172,6370,Holiday
2012-04-17,Summer,2012,Apr,0,Tue,1,Clear/Partly Cloudy,989,5702,6691,Working Day
2012-04-18,Summer,2012,Apr,0,Wed,1,Misty/Cloudy,347,4020,4367,Working Day
2012-04-19,Summer,2012,Apr,0,Thu,1,Clear/Partly Cloudy,846,5719,6565,Working Day
2012-04-20,Summer,2012,Apr,0,Fri,1,Clear/Partly Cloudy,1340,5950,7290,Working Day
2012-04-21,Summer,2012,Apr,0,Sat,0,Clear/Partly Cloudy,2541,4083,6624,Weekend
2012-04-22,Summer,2012,Apr,0,Sun,0,Light Rain/Snow,120,907,1027,Weekend
2012-04-23,Summer,2012,Apr,0,Mon,1,Misty/Cloudy,195,3019,3214,Working Day
2012-04-24,Summer,2012,Apr,0,Tue,1,Clear/Partly Cloudy,518,5115,5633,Working Day
2012-04-25,Summer,2012,Apr,0,Wed,1,Clear/Partly Cloudy,655,5541,6196,Working Day
2012-04-26,Summer,2012,Apr,0,Thu,1,Misty/Cloudy,475,4551,5026,Working Day
2012-04-27,Summer,2012,Apr,0,Fri,1,Clear/Partly Cloudy,1014,5219,6233,Working Day
2012-04-28,Summer,2012,Apr,0,Sat,0,Misty/Cloudy,1120,3100,4220,Weekend
2012-04-29,Summer,2012,Apr,0,Sun,0,Clear/Partly Cloudy,2229,4075,6304,Weekend
2012-04-30,Summer,2012,Apr,0,Mon,1,Misty/Cloudy,665,4907,5572,Working Day
2012-05-01,Summer,2012,May,0,Tue,1,Misty/Cloudy,653,5087,5740,Working Day
2012-05-02,Summer,2012,May,0,Wed,1,Clear/Partly Cloudy,667,5502,6169,Working Day
2012-05-03,Summer,2012,May,0,Thu,1,Misty/Cloudy,764,5657,6421,Working Day
2012-05-04,Summer,2012,May,0,Fri,1,Clear/Partly Cloudy,1069,5227,6296,Working Day
2012-05-05,Summer,2012,May,0,Sat,0,Misty/Cloudy,2496,4387,6883,Weekend
2012-05-06,Summer,2012,May,0,Sun,0,Misty/Cloudy,2135,4224,6359,Weekend
2012-05-07,Summer,2012,May,0,Mon,1,Misty/Cloudy,1008,5265,6273,Working Day
2012-05-08,Summer,2012,May,0,Tue,1,Misty/Cloudy,738,4990,5728,Working Day
2012-05-09,Summer,2012,May,0,Wed,1,Misty/Cloudy,620,4097,4717,Working Day
2012-05-10,Summer,2012,May,0,Thu,1,Clear/Partly Cloudy,1026,5546,6572,Working Day
2012-05-11,Summer,2012,May,0,Fri,1,Clear/Partly Cloudy,1319,5711,7030,Working Day
2012-05-12,Summer,2012,May,0,Sat,0,Clear/Partly Cloudy,2622,4807,7429,Weekend
2012-05-13,Summer,2012,May,0,Sun,0,Clear/Partly Cloudy,2172,3946,6118,Weekend
2012-05-14,Summer,2012,May,0,Mon,1,Misty/Cloudy,342,2501,2843,Working Day
2012-05-15,Summer,2012,May,0,Tue,1,Misty/Cloudy,625,4490,5115,Working Day
2012-05-16,Summer,2012,May,0,Wed,1,Clear/Partly Cloudy,991,6433,7424,Working Day
2012-05-17,Summer,2012,May,0,Thu,1,Clear/Partly Cloudy,1242,6142,7384,Working Day
2012-05-18,Summer,2012,May,0,Fri,1,Clear/Partly Cloudy,1521,6118,7639,Working Day
2012-05-19,Summer,2012,May,0,Sat,0,Clear/Partly Cloudy,3410,4884,8294,Weekend
2012-05-20,Summer,2012,May,0,Sun,0,Clear/Partly Cloudy,2704,4425,7129,Weekend
2012-05-21,Summer,2012,May,0,Mon,1,Misty/Cloudy,630,3729,4359,Working Day
2012-05-22,Summer,2012,May,0,Tue,1,Misty/Cloudy,819,5254,6073,Working Day
2012-05-23,Summer,2012,May,0,Wed,1,Misty/Cloudy,766,4494,5260,Working Day
2012-05-24,Summer,2012,May,0,Thu,1,Clear/Partly Cloudy,1059,5711,6770,Working Day
2012-05-25,Summer,2012,May,0,Fri,1,Clear/Partly Cloudy,1417,5317,6734,Working Day
2012-05-26,Summer,2012,May,0,Sat,0,Clear/Partly Cloudy,2855,3681,6536,Weekend
2012-05-27,Summer,2012,May,0,Sun,0,Clear/Partly Cloudy,3283,3308,6591,Weekend
2012-05-28,Summer,2012,May,1,Mon,0,Clear/Partly Cloudy,2557,3486,6043,Holiday
2012-05-29,Summer,2012,May,0,Tue,1,Clear/Partly Cloudy,880,4863,5743,Working Day
2012-05-30,Summer,2012,May,0,Wed,1,Misty/Cloudy,745,6110,6855,Working Day
2012-05-31,Summer,2012,May,0,Thu,1,Clear/Partly Cloudy,1100,6238,7338,Working Day
2012-06-01,Summer,2012,Jun,0,Fri,1,Misty/Cloudy,533,3594,4127,Working Day
2012-06-02,Summer,2012,Jun,0,Sat,0,Clear/Partly Cloudy,2795,5325,8120,Weekend
2012-06-03,Summer,2012,Jun,0,Sun,0,Clear/Partly Cloudy,2494,5147,7641,Weekend
2012-06-04,Summer,2012,Jun,0,Mon,1,Clear/Partly Cloudy,1071,5927,6998,Working Day
2012-06-05,Summer,2012,Jun,0,Tue,1,Misty/Cloudy,968,6033,7001,Working Day
2012-06-06,Summer,2012,Jun,0,Wed,1,Clear/Partly Cloudy,1027,6028,7055,Working Day
2012-06-07,Summer,2012,Jun,0,Thu,1,Clear/Partly Cloudy,1038,6456,7494,Working Day
2012-06-08,Summer,2012,Jun,0,Fri,1,Clear/Partly Cloudy,1488,6248,7736,Working Day
2012-06-09,Summer,2012,Jun,0,Sat,0,Clear/Partly Cloudy,2708,4790,7498,Weekend
2012-06-10,Summer,2012,Jun,0,Sun,0,Clear/Partly Cloudy,2224,4374,6598,Weekend
2012-06-11,Summer,2012,Jun,0,Mon,1,Misty/Cloudy,1017,5647,6664,Working Day
2012-06-12,Summer,2012,Jun,0,Tue,1,Misty/Cloudy,477,4495,4972,Working Day
2012-06-13,Summer,2012,Jun,0,Wed,1,Clear/Partly Cloudy,1173,6248,7421,Working Day
2012-06-14,Summer,2012,Jun,0,Thu,1,Clear/Partly Cloudy,1180,6183,7363,Working Day
2012-06-15,Summer,2012,Jun,0,Fri,1,Clear/Partly Cloudy,1563,6102,7665,Working Day
2012-06-16,Summer,2012,Jun,0,Sat,0,Clear/Partly Cloudy,2963,4739,7702,Weekend
2012-06-17,Summer,2012,Jun,0,Sun,0,Clear/Partly Cloudy,2634,4344,6978,Weekend
2012-06-18,Summer,2012,Jun,0,Mon,1,Misty/Cloudy,653,4446,5099,Working Day
2012-06-19,Summer,2012,Jun,0,Tue,1,Clear/Partly Cloudy,968,5857,6825,Working Day
2012-06-20,Summer,2012,Jun,0,Wed,1,Clear/Partly Cloudy,872,5339,6211,Working Day
2012-06-21,Fall,2012,Jun,0,Thu,1,Clear/Partly Cloudy,778,5127,5905,Working Day
2012-06-22,Fall,2012,Jun,0,Fri,1,Clear/Partly Cloudy,964,4859,5823,Working Day
2012-06-23,Fall,2012,Jun,0,Sat,0,Clear/Partly Cloudy,2657,4801,7458,Weekend
2012-06-24,Fall,2012,Jun,0,Sun,0,Clear/Partly Cloudy,2551,4340,6891,Weekend
2012-06-25,Fall,2012,Jun,0,Mon,1,Clear/Partly Cloudy,1139,5640,6779,Working Day
2012-06-26,Fall,2012,Jun,0,Tue,1,Clear/Partly Cloudy,1077,6365,7442,Working Day
2012-06-27,Fall,2012,Jun,0,Wed,1,Clear/Partly Cloudy,1077,6258,7335,Working Day
2012-06-28,Fall,2012,Jun,0,Thu,1,Clear/Partly Cloudy,921,5958,6879,Working Day
2012-06-29,Fall,2012,Jun,0,Fri,1,Clear/Partly Cloudy,829,4634,5463,Working Day
2012-06-30,Fall,2012,Jun,0,Sat,0,Clear/Partly Cloudy,1455,4232,5687,Weekend
2012-07-01,Fall,2012,Jul,0,Sun,0,Clear/Partly Cloudy,1421,4110,5531,Weekend
2012-07-02,Fall,2012,Jul,0,Mon,1,Clear/Partly Cloudy,904,5323,6227,Working Day
2012-07-03,Fall,2012,Jul,0,Tue,1,Clear/Partly Cloudy,1052,5608,6660,Working Day
2012-07-04,Fall,2012,Jul,1,Wed,0,Clear/Partly Cloudy,2562,4841,7403,Holiday
2012-07-05,Fall,2012,Jul,0,Thu,1,Clear/Partly Cloudy,1405,4836,6241,Working Day
2012-07-06,Fall,2012,Jul,0,Fri,1,Clear/Partly Cloudy,1366,4841,6207,Working Day
2012-07-07,Fall,2012,Jul,0,Sat,0,Clear/Partly Cloudy,1448,3392,4840,Weekend
2012-07-08,Fall,2012,Jul,0,Sun,0,Clear/Partly Cloudy,1203,3469,4672,Weekend
2012-07-09,Fall,2012,Jul,0,Mon,1,Misty/Cloudy,998,5571,6569,Working Day
2012-07-10,Fall,2012,Jul,0,Tue,1,Misty/Cloudy,954,5336,6290,Working Day
2012-07-11,Fall,2012,Jul,0,Wed,1,Clear/Partly Cloudy,975,6289,7264,Working Day
2012-07-12,Fall,2012,Jul,0,Thu,1,Clear/Partly Cloudy,1032,6414,7446,Working Day
2012-07-13,Fall,2012,Jul,0,Fri,1,Misty/Cloudy,1511,5988,7499,Working Day
2012-07-14,Fall,2012,Jul,0,Sat,0,Misty/Cloudy,2355,4614,6969,Weekend
2012-07-15,Fall,2012,Jul,0,Sun,0,Clear/Partly Cloudy,1920,4111,6031,Weekend
2012-07-16,Fall,2012,Jul,0,Mon,1,Clear/Partly Cloudy,1088,5742,6830,Working Day
2012-07-17,Fall,2012,Jul,0,Tue,1,Clear/Partly Cloudy,921,5865,6786,Working Day
2012-07-18,Fall,2012,Jul,0,Wed,1,Clear/Partly Cloudy,799,4914,5713,Working Day
2012-07-19,Fall,2012,Jul,0,Thu,1,Clear/Partly Cloudy,888,5703,6591,Working Day
2012-07-20,Fall,2012,Jul,0,Fri,1,Misty/Cloudy,747,5123,5870,Working Day
2012-07-21,Fall,2012,Jul,0,Sat,0,Light Rain/Snow,1264,3195,4459,Weekend
2012-07-22,Fall,2012,Jul,0,Sun,0,Misty/Cloudy,2544,4866,7410,Weekend
2012-07-23,Fall,2012,Jul,0,Mon,1,Clear/Partly Cloudy,1135,5831,6966,Working Day
2012-07-24,Fall,2012,Jul,0,Tue,1,Clear/Partly Cloudy,1140,6452,7592,Working Day
2012-07-25,Fall,2012,Jul,0,Wed,1,Clear/Partly Cloudy,1383,6790,8173,Working Day
2012-07-26,Fall,2012,Jul,0,Thu,1,Clear/Partly Cloudy,1036,5825,6861,Working Day
2012-07-27,Fall,2012,Jul,0,Fri,1,Clear/Partly Cloudy,1259,5645,6904,Working Day
2012-07-28,Fall,2012,Jul,0,Sat,0,Clear/Partly Cloudy,2234,4451,6685,Weekend
2012-07-29,Fall,2012,Jul,0,Sun,0,Clear/Partly Cloudy,2153,4444,6597,Weekend
2012-07-30,Fall,2012,Jul,0,Mon,1,Clear/Partly Cloudy,1040,6065,7105,Working Day
2012-07-31,Fall,2012,Jul,0,Tue,1,Clear/Partly Cloudy,968,6248,7216,Working Day
2012-08-01,Fall,2012,Aug,0,Wed,1,Clear/Partly Cloudy,1074,6506,7580,Working Day
2012-08-02,Fall,2012,Aug,0,Thu,1,Clear/Partly Cloudy,983,6278,7261,Working Day
2012-08-03,Fall,2012,Aug,0,Fri,1,Misty/Cloudy,1328,5847,7175,Working Day
2012-08-04,Fall,2012,Aug,0,Sat,0,Clear/Partly Cloudy,2345,4479,6824,Weekend
2012-08-05,Fall,2012,Aug,0,Sun,0,Clear/Partly Cloudy,1707,3757,5464,Weekend
2012-08-06,Fall,2012,Aug,0,Mon,1,Misty/Cloudy,1233,5780,7013,Working Day
2012-08-07,Fall,2012,Aug,0,Tue,1,Misty/Cloudy,1278,5995,7273,Working Day
2012-08-08,Fall,2012,Aug,0,Wed,1,Misty/Cloudy,1263,6271,7534,Working Day
2012-08-09,Fall,2012,Aug,0,Thu,1,Clear/Partly Cloudy,1196,6090,7286,Working Day
2012-08-10,Fall,2012,Aug,0,Fri,1,Misty/Cloudy,1065,4721,5786,Working Day
2012-08-11,Fall,2012,Aug,0,Sat,0,Misty/Cloudy,2247,4052,6299,Weekend
2012-08-12,Fall,2012,Aug,0,Sun,0,Clear/Partly Cloudy,2182,4362,6544,Weekend
2012-08-13,Fall,2012,Aug,0,Mon,1,Clear/Partly Cloudy,1207,5676,6883,Working Day
2012-08-14,Fall,2012,Aug,0,Tue,1,Clear/Partly Cloudy,1128,5656,6784,Working Day
2012-08-15,Fall,2012,Aug,0,Wed,1,Clear/Partly Cloudy,1198,6149,7347,Working Day
2012-08-16,Fall,2012,Aug,0,Thu,1,Clear/Partly Cloudy,1338,6267,7605,Working Day
2012-08-17,Fall,2012,Aug,0,Fri,1,Clear/Partly Cloudy,1483,5665,7148,Working Day
2012-08-18,Fall,2012,Aug,0,Sat,0,Clear/Partly Cloudy,2827,5038,7865,Weekend
2012-08-19,Fall,2012,Aug,0,Sun,0,Misty/Cloudy,1208,3341,4549,Weekend
2012-08-20,Fall,2012,Aug,0,Mon,1,Misty/Cloudy,1026,5504,6530,Working Day
2012-08-21,Fall,2012,Aug,0,Tue,1,Clear/Partly Cloudy,1081,5925,7006,Working Day
2012-08-22,Fall,2012,Aug,0,Wed,1,Clear/Partly Cloudy,1094,6281,7375,Working Day
2012-08-23,Fall,2012,Aug,0,Thu,1,Clear/Partly Cloudy,1363,6402,7765,Working Day
2012-08-24,Fall,2012,Aug,0,Fri,1,Misty/Cloudy,1325,6257,7582,Working Day
2012-08-25,Fall,2012,Aug,0,Sat,0,Misty/Cloudy,1829,4224,6053,Weekend
2012-08-26,Fall,2012,Aug,0,Sun,0,Misty/Cloudy,1483,3772,5255,Weekend
2012-08-27,Fall,2012,Aug,0,Mon,1,Clear/Partly Cloudy,989,5928,6917,Working Day
2012-08-28,Fall,2012,Aug,0,Tue,1,Clear/Partly Cloudy,935,6105,7040,Working Day
2012-08-29,Fall,2012,Aug,0,Wed,1,Clear/Partly Cloudy,1177,6520,7697,Working Day
2012-08-30,Fall,2012,Aug,0,Thu,1,Clear/Partly Cloudy,1172,6541,7713,Working Day
2012-08-31,Fall,2012,Aug,0,Fri,1,Clear/Partly Cloudy,1433,5917,7350,Working Day
2012-09-01,Fall,2012,Sep,0,Sat,0,Misty/Cloudy,2352,3788,6140,Weekend
2012-09-02,Fall,2012,Sep,0,Sun,0,Misty/Cloudy,2613,3197,5810,Weekend
2012-09-03,Fall,2012,Sep,1,Mon,0,Clear/Partly Cloudy,1965,4069,6034,Holiday
2012-09-04,Fall,2012,Sep,0,Tue,1,Clear/Partly Cloudy,867,5997,6864,Working Day
2012-09-05,Fall,2012,Sep,0,Wed,1,Clear/Partly Cloudy,832,6280,7112,Working Day
2012-09-06,Fall,2012,Sep,0,Thu,1,Misty/Cloudy,611,5592,6203,Working Day
2012-09-07,Fall,2012,Sep,0,Fri,1,Clear/Partly Cloudy,1045,6459,7504,Working Day
2012-09-08,Fall,2012,Sep,0,Sat,0,Misty/Cloudy,1557,4419,5976,Weekend
2012-09-09,Fall,2012,Sep,0,Sun,0,Clear/Partly Cloudy,2570,5657,8227,Weekend
2012-09-10,Fall,2012,Sep,0,Mon,1,Clear/Partly Cloudy,1118,6407,7525,Working Day
2012-09-11,Fall,2012,Sep,0,Tue,1,Clear/Partly Cloudy,1070,6697,7767,Working Day
2012-09-12,Fall,2012,Sep,0,Wed,1,Clear/Partly Cloudy,1050,6820,7870,Working Day
2012-09-13,Fall,2012,Sep,0,Thu,1,Clear/Partly Cloudy,1054,6750,7804,Working Day
2012-09-14,Fall,2012,Sep,0,Fri,1,Clear/Partly Cloudy,1379,6630,8009,Working Day
2012-09-15,Fall,2012,Sep,0,Sat,0,Clear/Partly Cloudy,3160,5554,8714,Weekend
2012-09-16,Fall,2012,Sep,0,Sun,0,Clear/Partly Cloudy,2166,5167,7333,Weekend
2012-09-17,Fall,2012,Sep,0,Mon,1,Misty/Cloudy,1022,5847,6869,Working Day
2012-09-18,Fall,2012,Sep,0,Tue,1,Misty/Cloudy,371,3702,4073,Working Day
2012-09-19,Fall,2012,Sep,0,Wed,1,Clear/Partly Cloudy,788,6803,7591,Working Day
2012-09-20,Fall,2012,Sep,0,Thu,1,Clear/Partly Cloudy,939,6781,7720,Working Day
2012-09-21,Fall,2012,Sep,0,Fri,1,Clear/Partly Cloudy,1250,6917,8167,Working Day
2012-09-22,Fall,2012,Sep,0,Sat,0,Clear/Partly Cloudy,2512,5883,8395,Weekend
2012-09-23,Winter,2012,Sep,0,Sun,0,Clear/Partly Cloudy,2454,5453,7907,Weekend
2012-09-24,Winter,2012,Sep,0,Mon,1,Clear/Partly Cloudy,1001,6435,7436,Working Day
2012-09-25,Winter,2012,Sep,0,Tue,1,Clear/Partly Cloudy,845,6693,7538,Working Day
2012-09-26,Winter,2012,Sep,0,Wed,1,Clear/Partly Cloudy,787,6946,7733,Working Day
2012-09-27,Winter,2012,Sep,0,Thu,1,Misty/Cloudy,751,6642,7393,Working Day
2012-09-28,Winter,2012,Sep,0,Fri,1,Misty/Cloudy,1045,6370,7415,Working Day
2012-09-29,Winter,2012,Sep,0,Sat,0,Clear/Partly Cloudy,2589,5966,8555,Weekend
2012-09-30,Winter,2012,Sep,0,Sun,0,Clear/Partly Cloudy,2015,4874,6889,Weekend
2012-10-01,Winter,2012,Oct,0,Mon,1,Misty/Cloudy,763,6015,6778,Working Day
2012-10-02,Winter,2012,Oct,0,Tue,1,Light Rain/Snow,315,4324,4639,Working Day
2012-10-03,Winter,2012,Oct,0,Wed,1,Misty/Cloudy,728,6844,7572,Working Day
2012-10-04,Winter,2012,Oct,0,Thu,1,Misty/Cloudy,891,6437,7328,Working Day
2012-10-05,Winter,2012,Oct,0,Fri,1,Clear/Partly Cloudy,1516,6640,8156,Working Day
2012-10-06,Winter,2012,Oct,0,Sat,0,Clear/Partly Cloudy,3031,4934,7965,Weekend
2012-10-07,Winter,2012,Oct,0,Sun,0,Misty/Cloudy,781,2729,3510,Weekend
2012-10-08,Winter,2012,Oct,1,Mon,0,Misty/Cloudy,874,4604,5478,Holiday
2012-10-09,Winter,2012,Oct,0,Tue,1,Misty/Cloudy,601,5791,6392,Working Day
2012-10-10,Winter,2012,Oct,0,Wed,1,Clear/Partly Cloudy,780,6911,7691,Working Day
2012-10-11,Winter,2012,Oct,0,Thu,1,Clear/Partly Cloudy,834,6736,7570,Working Day
2012-10-12,Winter,2012,Oct,0,Fri,1,Clear/Partly Cloudy,1060,6222,7282,Working Day
2012-10-13,Winter,2012,Oct,0,Sat,0,Clear/Partly Cloudy,2252,4857,7109,Weekend
2012-10-14,Winter,2012,Oct,0,Sun,0,Clear/Partly Cloudy,2080,4559,6639,Weekend
2012-10-15,Winter,2012,Oct,0,Mon,1,Misty/Cloudy,760,5115,5875,Working Day
2012-10-16,Winter,2012,Oct,0,Tue,1,Clear/Partly Cloudy,922,6612,7534,Working Day
2012-10-17,Winter,2012,Oct,0,Wed,1,Clear/Partly Cloudy,979,6482,7461,Working Day
2012-10-18,Winter,2012,Oct,0,Thu,1,Misty/Cloudy,1008,6501,7509,Working Day
2012-10-19,Winter,2012,Oct,0,Fri,1,Misty/Cloudy,753,4671,5424,Working Day
2012-10-20,Winter,2012,Oct,0,Sat,0,Clear/Partly Cloudy,2806,5284,8090,Weekend
2012-10-21,Winter,2012,Oct,0,Sun,0,Clear/Partly Cloudy,2132,4692,6824,Weekend
2012-10-22,Winter,2012,Oct,0,Mon,1,Clear/Partly Cloudy,830,6228,7058,Working Day
2012-10-23,Winter,2012,Oct,0,Tue,1,Clear/Partly Cloudy,841,6625,7466,Working Day
2012-10-24,Winter,2012,Oct,0,Wed,1,Clear/Partly Cloudy,795,6898,7693,Working Day
2012-10-25,Winter,2012,Oct,0,Thu,1,Misty/Cloudy,875,6484,7359,Working Day
2012-10-26,Winter,2012,Oct,0,Fri,1,Misty/Cloudy,1182,6262,7444,Working Day
2012-10-27,Winter,2012,Oct,0,Sat,0,Misty/Cloudy,2643,5209,7852,Weekend
2012-10-28,Winter,2012,Oct,0,Sun,0,Misty/Cloudy,998,3461,4459,Weekend
2012-10-29,Winter,2012,Oct,0,Mon,1,Light Rain/Snow,2,20,22,Working Day
2012-10-30,Winter,2012,Oct,0,Tue,1,Misty/Cloudy,87,1009,1096,Working Day
2012-10-31,Winter,2012,Oct,0,Wed,1,Misty/Cloudy,419,5147,5566,Working Day
2012-11-01,Winter,2012,Nov,0,Thu,1,Misty/Cloudy,466,5520,5986,Working Day
2012-11-02,Winter,2012,Nov,0,Fri,1,Clear/Partly Cloudy,618,5229,5847,Working Day
2012-11-03,Winter,2012,Nov,0,Sat,0,Misty/Cloudy,1029,4109,5138,Weekend
2012-11-04,Winter,2012,Nov,0,Sun,0,Clear/Partly Cloudy,1201,3906,5107,Weekend
2012-11-05,Winter,2012,Nov,0,Mon,1,Clear/Partly Cloudy,378,4881,5259,Working Day
2012-11-06,Winter,2012,Nov,0,Tue,1,Clear/Partly Cloudy,466,5220,5686,Working Day
2012-11-07,Winter,2012,Nov,0,Wed,1,Misty/Cloudy,326,4709,5035,Working Day
2012-11-08,Winter,2012,Nov,0,Thu,1,Clear/Partly Cloudy,340,4975,5315,Working Day
2012-11-09,Winter,2012,Nov,0,Fri,1,Clear/Partly Cloudy,709,5283,5992,Working Day
2012-11-10,Winter,2012,Nov,0,Sat,0,Clear/Partly Cloudy,2090,4446,6536,Weekend
2012-11-11,Winter,2012,Nov,0,Sun,0,Clear/Partly Cloudy,2290,4562,6852,Weekend
2012-11-12,Winter,2012,Nov,1,Mon,0,Clear/Partly Cloudy,1097,5172,6269,Holiday
2012-11-13,Winter,2012,Nov,0,Tue,1,Misty/Cloudy,327,3767,4094,Working Day
2012-11-14,Winter,2012,Nov,0,Wed,1,Clear/Partly Cloudy,373,5122,5495,Working Day
2012-11-15,Winter,2012,Nov,0,Thu,1,Misty/Cloudy,320,5125,5445,Working Day
2012-11-16,Winter,2012,Nov,0,Fri,1,Clear/Partly Cloudy,484,5214,5698,Working Day
2012-11-17,Winter,2012,Nov,0,Sat,0,Clear/Partly Cloudy,1313,4316,5629,Weekend
2012-11-18,Winter,2012,Nov,0,Sun,0,Clear/Partly Cloudy,922,3747,4669,Weekend
2012-11-19,Winter,2012,Nov,0,Mon,1,Misty/Cloudy,449,5050,5499,Working Day
2012-11-20,Winter,2012,Nov,0,Tue,1,Misty/Cloudy,534,5100,5634,Working Day
2012-11-21,Winter,2012,Nov,0,Wed,1,Clear/Partly Cloudy,615,4531,5146,Working Day
2012-11-22,Winter,2012,Nov,1,Thu,0,Clear/Partly Cloudy,955,1470,2425,Holiday
2012-11-23,Winter,2012,Nov,0,Fri,1,Clear/Partly Cloudy,1603,2307,3910,Working Day
2012-11-24,Winter,2012,Nov,0,Sat,0,Clear/Partly Cloudy,532,1745,2277,Weekend
2012-11-25,Winter,2012,Nov,0,Sun,0,Clear/Partly Cloudy,309,2115,2424,Weekend
2012-11-26,Winter,2012,Nov,0,Mon,1,Clear/Partly Cloudy,337,4750,5087,Working Day
2012-11-27,Winter,2012,Nov,0,Tue,1,Misty/Cloudy,123,3836,3959,Working Day
2012-11-28,Winter,2012,Nov,0,Wed,1,Clear/Partly Cloudy,198,5062,5260,Working Day
2012-11-29,Winter,2012,Nov,0,Thu,1,Clear/Partly Cloudy,243,5080,5323,Working Day
2012-11-30,Winter,2012,Nov,0,Fri,1,Clear/Partly Cloudy,362,5306,5668,Working Day
2012-12-01,Winter,2012,Dec,0,Sat,0,Misty/Cloudy,951,4240,5191,Weekend
2012-12-02,Winter,2012,Dec,0,Sun,0,Misty/Cloudy,892,3757,4649,Weekend
2012-12-03,Winter,2012,Dec,0,Mon,1,Clear/Partly Cloudy,555,5679,6234,Working Day
2012-12-04,Winter,2012,Dec,0,Tue,1,Clear/Partly Cloudy,551,6055,6606,Working Day
2012-12-05,Winter,2012,Dec,0,Wed,1,Clear/Partly Cloudy,331,5398,5729,Working Day
2012-12-06,Winter,2012,Dec,0,Thu,1,Clear/Partly Cloudy,340,5035,5375,Working Day
2012-12-07,Winter,2012,Dec,0,Fri,1,Misty/Cloudy,349,4659,5008,Working Day
2012-12-08,Winter,2012,Dec,0,Sat,0,Misty/Cloudy,1153,4429,5582,Weekend
2012-12-09,Winter,2012,Dec,0,Sun,0,Misty/Cloudy,441,2787,3228,Weekend
2012-12-10,Winter,2012,Dec,0,Mon,1,Misty/Cloudy,329,4841,5170,Working Day
2012-12-11,Winter,2012,Dec,0,Tue,1,Misty/Cloudy,282,5219,5501,Working Day
2012-12-12,Winter,2012,Dec,0,Wed,1,Misty/Cloudy,310,5009,5319,Working Day
2012-12-13,Winter,2012,Dec,0,Thu,1,Clear/Partly Cloudy,425,5107,5532,Working Day
2012-12-14,Winter,2012,Dec,0,Fri,1,Clear/Partly Cloudy,429,5182,5611,Working Day
2012-12-15,Winter,2012,Dec,0,Sat,0,Clear/Partly Cloudy,767,4280,5047,Weekend
2012-12-16,Winter,2012,Dec,0,Sun,0,Misty/Cloudy,538,3248,3786,Weekend
2012-12-17,Winter,2012,Dec,0,Mon,1,Misty/Cloudy,212,4373,4585,Working Day
2012-12-18,Winter,2012,Dec,0,Tue,1,Clear/Partly Cloudy,433,5124,5557,Working Day
2012-12-19,Winter,2012,Dec,0,Wed,1,Clear/Partly Cloudy,333,4934,5267,Working Day
2012-12-20,Winter,2012,Dec,0,Thu,1,Misty/Cloudy,314,3814,4128,Working Day
2012-12-21,Spring,2012,Dec,0,Fri,1,Misty/Cloudy,221,3402,3623,Working Day
2012-12-22,Spring,2012,Dec,0,Sat,0,Clear/Partly Cloudy,205,1544,1749,Weekend
2012-12-23,Spring,2012,Dec,0,Sun,0,Clear/Partly Cloudy,408,1379,1787,Weekend
2012-12-24,Spring,2012,Dec,0,Mon,1,Misty/Cloudy,174,746,920,Working Day
2012-12-25,Spring,2012,Dec,1,Tue,0,Misty/Cloudy,440,573,1013,Holiday
2012-12-26,Spring,2012,Dec,0,Wed,1,Light Rain/Snow,9,432,441,Working Day
2012-12-27,Spring,2012,Dec,0,Thu,1,Misty/Cloudy,247,1867,2114,Working Day
2012-12-28,Spring,2012,Dec,0,Fri,1,Misty/Cloudy,644,2451,3095,Working Day
2012-12-29,Spring,2012,Dec,0,Sat,0,Misty/Cloudy,159,1182,1341,Weekend
2012-12-30,Spring,2012,Dec,0,Sun,0,Clear/Partly Cloudy,364,1432,1796,Weekend
2012-12-31,Spring,2012,Dec,0,Mon,1,Misty/Cloudy,439,2290,2729,Working Day
